"Name","URL","Status","TimeMs","Size","ContentType","IsJson","Error","BodyPreview"
"Health Check (Main Domain)","https://app.vwo.com","200","933","15724","text/html","False",,"<!DOCTYPE html>
<html class=""no-js"" id=""atomic"" lang=""en"">
<head>
	<meta charset=""utf-8"" />
	<title>VWO - Application</title>
	<meta name=""description"" content=""VWO is the all-in-one platform that hel"
"API Base","https://app.vwo.com/api/v2","404","301","0",,"False","The remote server returned an error: (404) Not Found.",
"Campaigns API (Unauthenticated)","https://app.vwo.com/api/v2/campaigns","404","321","0",,"False","The remote server returned an error: (404) Not Found.",
"User Profile API (Unauthenticated)","https://app.vwo.com/api/v2/user/profile","404","260","0",,"False","The remote server returned an error: (404) Not Found.",
"Dashboard Stats API (Unauthenticated)","https://app.vwo.com/api/v2/dashboard/stats","404","307","0",,"False","The remote server returned an error: (404) Not Found.",
"Accounts API (Unauthenticated)","https://app.vwo.com/api/v2/accounts","401","358","0",,"False","The remote server returned an error: (401) Unauthorized.",
"Auth Check (Invalid Token)","https://app.vwo.com/api/v2/accounts","401","336","0",,"False","The remote server returned an error: (401) Unauthorized.",
"API Base (Trailing Slash)","https://app.vwo.com/api/v2/","404","379","0",,"False","The remote server returned an error: (404) Not Found.",
"Campaigns via Accounts (Unauthenticated)","https://app.vwo.com/api/v2/accounts/123/campaigns","401","322","0",,"False","The remote server returned an error: (401) Unauthorized.",
"Users API (Unauthenticated)","https://app.vwo.com/api/v2/accounts/123/users","401","334","0",,"False","The remote server returned an error: (401) Unauthorized.",
"Push API (Unauthenticated)","https://app.vwo.com/api/v2/accounts/123/push","404","294","0",,"False","The remote server returned an error: (404) Not Found.",
